<?xml version="1.0" encoding="UTF-8"?><rss version="2.0"
	xmlns:content="http://purl.org/rss/1.0/modules/content/"
	xmlns:wfw="http://wellformedweb.org/CommentAPI/"
	xmlns:dc="http://purl.org/dc/elements/1.1/"
	xmlns:atom="http://www.w3.org/2005/Atom"
	xmlns:sy="http://purl.org/rss/1.0/modules/syndication/"
	xmlns:slash="http://purl.org/rss/1.0/modules/slash/"
	>

<channel>
	<title>Storm Agência</title>
	<atom:link href="https://omniformulas.com.br/feed/" rel="self" type="application/rss+xml" />
	<link>https://omniformulas.com.br/</link>
	<description>Desenvolvimento de Sites e Marketing Digital</description>
	<lastBuildDate>Fri, 23 Jul 2021 19:31:53 +0000</lastBuildDate>
	<language>pt-BR</language>
	<sy:updatePeriod>
	hourly	</sy:updatePeriod>
	<sy:updateFrequency>
	1	</sy:updateFrequency>
	<generator>https://wordpress.org/?v=5.8</generator>
	<item>
		<title>Olá, mundo!</title>
		<link>https://omniformulas.com.br/2021/07/23/ola-mundo/</link>
					<comments>https://omniformulas.com.br/2021/07/23/ola-mundo/#comments</comments>
		
		<dc:creator><![CDATA[jumadms]]></dc:creator>
		<pubDate>Fri, 23 Jul 2021 19:31:53 +0000</pubDate>
				<category><![CDATA[Sem categoria]]></category>
		<guid isPermaLink="false">https://sistemaimpetus.com/?p=1</guid>

					<description><![CDATA[<p>Boas-vindas ao WordPress. Esse é o seu primeiro post. Edite-o ou exclua-o, e então comece a escrever!</p>
<p>O post <a rel="nofollow" href="https://omniformulas.com.br/2021/07/23/ola-mundo/">Olá, mundo!</a> apareceu primeiro em <a rel="nofollow" href="https://omniformulas.com.br/">Storm Agência</a>.</p>
]]></description>
										<content:encoded><![CDATA[
<p>Boas-vindas ao WordPress. Esse é o seu primeiro post. Edite-o ou exclua-o, e então comece a escrever!</p>
<p>O post <a rel="nofollow" href="https://omniformulas.com.br/2021/07/23/ola-mundo/">Olá, mundo!</a> apareceu primeiro em <a rel="nofollow" href="https://omniformulas.com.br/">Storm Agência</a>.</p>
]]></content:encoded>
					
					<wfw:commentRss>https://omniformulas.com.br/2021/07/23/ola-mundo/feed/</wfw:commentRss>
			<slash:comments>1</slash:comments>
		
		
			</item>
	</channel>
</rss>
